compile_s,wall_s,final_ep_len,device,backend,target,num_envs,horizon,iters,steps_per_s
0.45165654737502337,111.2697653863579,200.0,cpu,torch,cpu,1,200,1000,1797.4334654660893
1.0646660821512341,580.940944342874,200.0,NVIDIA GeForce RTX 3090,torch,gpu,1,200,1000,344.26907235162804
0.6126384856179357,1.4436522265896201,200.0,TFRT_CPU_0,jax,cpu,1,200,1000,138537.52054431112
5.328438965603709,15.544403061270714,200.0,cuda:0,jax,gpu,1,200,1000,12866.367348534935
0.5421398170292377,9.253552429378033,400.0,cpu,torch,cpu,16,200,62,21440.414534219613
1.1341929249465466,37.81375541538,320.0,NVIDIA GeForce RTX 3090,torch,gpu,16,200,62,5246.767950461347
0.8837951608002186,0.4902145443484187,228.57142639160156,TFRT_CPU_0,jax,cpu,16,200,62,404720.75397866557
3.4975769389420748,0.41830059327185154,457.14288330078125,cuda:0,jax,gpu,16,200,62,474300.06839856616
0.4912358224391937,1.215814501978457,32.54926681518555,cpu,torch,cpu,256,200,5,210558.43599777695
1.0565836308524013,3.083536154590547,32.67389678955078,NVIDIA GeForce RTX 3090,torch,gpu,256,200,5,83021.56587944838
0.9238704992458224,0.4720486896112561,51.354061126708984,TFRT_CPU_0,jax,cpu,256,200,5,542316.9381336963
4.710372495464981,0.0762658454477787,52.13849639892578,cuda:0,jax,gpu,256,200,5,3356679.5004624994
1.6813511066138744,7.003832126036286,32.912818908691406,cpu,torch,cpu,4096,200,5,584822.6979589344
1.960376139730215,5.092468176037073,51.844818115234375,TFRT_CPU_0,jax,cpu,4096,200,5,804325.1049214178
17.924040250480175,83.39333339780569,32.9665412902832,cpu,torch,cpu,65536,200,5,785866.1757454636
14.772404143586755,72.36803166288882,51.61534118652344,TFRT_CPU_0,jax,cpu,65536,200,5,905593.236324094
